{"IBM Watson Precision": 0.7395723752156268, "IBM Watson Recall": 0.665, "IBM Watson F1-Score": 0.700306567602669, "Average Response Time": 0.3392541089057922}