{"OpenAI Precision": 0.8896974419916209, "OpenAI Recall": 0.887, "OpenAI F1-Score": 0.8883466733220968, "Average Response Time": 0.32751070117950437}