{"OpenAI Precision": 0.908916470645099, "OpenAI Recall": 0.906, "OpenAI F1-Score": 0.9074558920188325, "Average Response Time": 0.32751070117950437}