{"transformers Precision": 0.8318217549786628, "transformers Recall": 0.785, "transformers F1-Score": 0.8077329187927308, "Average Response Time": 0.3020522072758899}