{"IBM Watson Precision": 0.7825395364285543, "IBM Watson Recall": 0.742, "IBM Watson F1-Score": 0.7617307680851981, "Average Response Time": 0.3392541089057922}