{"OpenAI Precision": 0.8596962520543552, "OpenAI Recall": 0.858, "OpenAI F1-Score": 0.8588472884893916, "Average Response Time": 0.3025779447555542}