{"IBM Watson Precision": 0.693668580615526, "IBM Watson Recall": 0.652, "IBM Watson F1-Score": 0.6721891572358002, "Average Response Time": 0.3392541089057922}