{"transformers Precision": 0.8049637863385054, "transformers Recall": 0.76, "transformers F1-Score": 0.7818359542345809, "Average Response Time": 0.3020522072758899}