{"transformers Precision": 0.5775894736842104, "transformers Recall": 0.415, "transformers F1-Score": 0.48297838720624414, "Average Response Time": 0.3020522072758899}